file	prompt	negative
common/grass_leaf_shard.png	detailed 16-bit pixel art sprite, single centered subject, chunky readable pixels on a 64x64 logical grid, hard-edged colour clusters with no anti-aliasing, limited palette, hand-placed dithering for every gradient, light source from the upper left, crisp one-pixel rim light along the lower-right contour, one-pixel outline in a darker shade of the subject's own hue and never pure black, fully transparent background, no ground, no frame, no border, no text, three-quarter orthographic view, retro SNES monster-card illustration, crisp and legible at thumbnail size, a single translucent shard shaped like a broken leaf, jagged bite taken out of one edge, glowing veins branching through the interior like leaf ribs, floating upright at a slight tilt, three tiny motes drifting off the broken edge, simple flat silhouette, calm pose, minimal effects, 5 to 7 colours, palette built around #9EE6B8 #4ADE80 #22C55E #15803D #09451F	photorealistic, 3d render, octane, blurry, soft focus, anti-aliased edges, smooth gradients, airbrush, jpeg artifacts, noise, text, letters, numbers, watermark, signature, logo, UI elements, card frame, border, nameplate, drop shadow, white background, grey background, checkerboard background, multiple subjects, collage, cropped, out of frame, extra limbs, deformed anatomy, firearms, modern clothing, existing franchise character, recognisable game mascot, anime screenshot
common/water_water_drop.png	detailed 16-bit pixel art sprite, single centered subject, chunky readable pixels on a 64x64 logical grid, hard-edged colour clusters with no anti-aliasing, limited palette, hand-placed dithering for every gradient, light source from the upper left, crisp one-pixel rim light along the lower-right contour, one-pixel outline in a darker shade of the subject's own hue and never pure black, fully transparent background, no ground, no frame, no border, no text, three-quarter orthographic view, retro SNES monster-card illustration, crisp and legible at thumbnail size, a single large water droplet held in mid-air, perfect teardrop profile with a pointed top, one crescent highlight on the upper-left curve, faint caustic ripples visible inside the body, a smaller satellite droplet below it, simple flat silhouette, calm pose, minimal effects, 5 to 7 colours, palette built around #BDD8F9 #60A5FA #3B82F6 #1D4ED8 #10359D	photorealistic, 3d render, octane, blurry, soft focus, anti-aliased edges, smooth gradients, airbrush, jpeg artifacts, noise, text, letters, numbers, watermark, signature, logo, UI elements, card frame, border, nameplate, drop shadow, white background, grey background, checkerboard background, multiple subjects, collage, cropped, out of frame, extra limbs, deformed anatomy, firearms, modern clothing, existing franchise character, recognisable game mascot, anime screenshot
common/fire_ember_shard.png	detailed 16-bit pixel art sprite, single centered subject, chunky readable pixels on a 64x64 logical grid, hard-edged colour clusters with no anti-aliasing, limited palette, hand-placed dithering for every gradient, light source from the upper left, crisp one-pixel rim light along the lower-right contour, one-pixel outline in a darker shade of the subject's own hue and never pure black, fully transparent background, no ground, no frame, no border, no text, three-quarter orthographic view, retro SNES monster-card illustration, crisp and legible at thumbnail size, an irregular lump of charcoal with rough chipped facets, a network of molten cracks glowing from within, the crack light strongest at the core and fading toward the edges, two embers lifting off the top surface, simple flat silhouette, calm pose, minimal effects, 5 to 7 colours, palette built around #FBCDD4 #FB7185 #EF4444 #B91C1C #7F0F0F	photorealistic, 3d render, octane, blurry, soft focus, anti-aliased edges, smooth gradients, airbrush, jpeg artifacts, noise, text, letters, numbers, watermark, signature, logo, UI elements, card frame, border, nameplate, drop shadow, white background, grey background, checkerboard background, multiple subjects, collage, cropped, out of frame, extra limbs, deformed anatomy, firearms, modern clothing, existing franchise character, recognisable game mascot, anime screenshot
common/thunder_spark_shard.png	detailed 16-bit pixel art sprite, single centered subject, chunky readable pixels on a 64x64 logical grid, hard-edged colour clusters with no anti-aliasing, limited palette, hand-placed dithering for every gradient, light source from the upper left, crisp one-pixel rim light along the lower-right contour, one-pixel outline in a darker shade of the subject's own hue and never pure black, fully transparent background, no ground, no frame, no border, no text, three-quarter orthographic view, retro SNES monster-card illustration, crisp and legible at thumbnail size, a solidified lightning bolt fragment, sharp zigzag silhouette made only of straight angular segments with no curves anywhere, faceted crystal surface, a thin arc of electricity crawling along one edge, simple flat silhouette, calm pose, minimal effects, 5 to 7 colours, palette built around #EEDFFC #C084FC #A855F7 #7E22CE #591495	photorealistic, 3d render, octane, blurry, soft focus, anti-aliased edges, smooth gradients, airbrush, jpeg artifacts, noise, text, letters, numbers, watermark, signature, logo, UI elements, card frame, border, nameplate, drop shadow, white background, grey background, checkerboard background, multiple subjects, collage, cropped, out of frame, extra limbs, deformed anatomy, firearms, modern clothing, existing franchise character, recognisable game mascot, anime screenshot
common/ice_ice_shard.png	detailed 16-bit pixel art sprite, single centered subject, chunky readable pixels on a 64x64 logical grid, hard-edged colour clusters with no anti-aliasing, limited palette, hand-placed dithering for every gradient, light source from the upper left, crisp one-pixel rim light along the lower-right contour, one-pixel outline in a darker shade of the subject's own hue and never pure black, fully transparent background, no ground, no frame, no border, no text, three-quarter orthographic view, retro SNES monster-card illustration, crisp and legible at thumbnail size, a cluster of three hexagonal ice prisms, one tall central column flanked by two shorter ones at opposing angles, flat facet planes catching the light, frost bloom creeping up from the base, a pale memory-like glow trapped deep inside, simple flat silhouette, calm pose, minimal effects, 5 to 7 colours, palette built around #C3F3F9 #67E8F9 #22D3EE #0891B2 #025B71	photorealistic, 3d render, octane, blurry, soft focus, anti-aliased edges, smooth gradients, airbrush, jpeg artifacts, noise, text, letters, numbers, watermark, signature, logo, UI elements, card frame, border, nameplate, drop shadow, white background, grey background, checkerboard background, multiple subjects, collage, cropped, out of frame, extra limbs, deformed anatomy, firearms, modern clothing, existing franchise character, recognisable game mascot, anime screenshot
common/rock_sand_shard.png	detailed 16-bit pixel art sprite, single centered subject, chunky readable pixels on a 64x64 logical grid, hard-edged colour clusters with no anti-aliasing, limited palette, hand-placed dithering for every gradient, light source from the upper left, crisp one-pixel rim light along the lower-right contour, one-pixel outline in a darker shade of the subject's own hue and never pure black, fully transparent background, no ground, no frame, no border, no text, three-quarter orthographic view, retro SNES monster-card illustration, crisp and legible at thumbnail size, a flat slab of layered sandstone lying at a slight angle, horizontal strata bands of alternating tone stacked through its thickness, one corner crumbling into loose grains, worn rounded edges, simple flat silhouette, calm pose, minimal effects, 5 to 7 colours, palette built around #F6D685 #FBBF24 #F59E0B #B45309 #733303	photorealistic, 3d render, octane, blurry, soft focus, anti-aliased edges, smooth gradients, airbrush, jpeg artifacts, noise, text, letters, numbers, watermark, signature, logo, UI elements, card frame, border, nameplate, drop shadow, white background, grey background, checkerboard background, multiple subjects, collage, cropped, out of frame, extra limbs, deformed anatomy, firearms, modern clothing, existing franchise character, recognisable game mascot, anime screenshot
common/grass_sprout.png	detailed 16-bit pixel art sprite, single centered subject, chunky readable pixels on a 64x64 logical grid, hard-edged colour clusters with no anti-aliasing, limited palette, hand-placed dithering for every gradient, light source from the upper left, crisp one-pixel rim light along the lower-right contour, one-pixel outline in a darker shade of the subject's own hue and never pure black, fully transparent background, no ground, no frame, no border, no text, three-quarter orthographic view, retro SNES monster-card illustration, crisp and legible at thumbnail size, a tiny humanoid sprout spirit standing upright, a smooth bean-shaped body, two broad leaves growing from the top of its head like a cap, stubby arms held out in curiosity, wide bright eyes looking slightly upward, soil still clinging to its feet, simple flat silhouette, calm pose, minimal effects, 5 to 7 colours, palette built around #9EE6B8 #4ADE80 #22C55E #15803D #09451F	photorealistic, 3d render, octane, blurry, soft focus, anti-aliased edges, smooth gradients, airbrush, jpeg artifacts, noise, text, letters, numbers, watermark, signature, logo, UI elements, card frame, border, nameplate, drop shadow, white background, grey background, checkerboard background, multiple subjects, collage, cropped, out of frame, extra limbs, deformed anatomy, firearms, modern clothing, existing franchise character, recognisable game mascot, anime screenshot
common/grass_vine_bug.png	detailed 16-bit pixel art sprite, single centered subject, chunky readable pixels on a 64x64 logical grid, hard-edged colour clusters with no anti-aliasing, limited palette, hand-placed dithering for every gradient, light source from the upper left, crisp one-pixel rim light along the lower-right contour, one-pixel outline in a darker shade of the subject's own hue and never pure black, fully transparent background, no ground, no frame, no border, no text, three-quarter orthographic view, retro SNES monster-card illustration, crisp and legible at thumbnail size, a segmented caterpillar with a body made of woven vine, oriented horizontally in a gentle wave, six small legs gripping a curling tendril, a trail of three glowing footprints fading behind it, tiny leaf sprouting from its tail segment, simple flat silhouette, calm pose, minimal effects, 5 to 7 colours, palette built around #9EE6B8 #4ADE80 #22C55E #15803D #09451F	photorealistic, 3d render, octane, blurry, soft focus, anti-aliased edges, smooth gradients, airbrush, jpeg artifacts, noise, text, letters, numbers, watermark, signature, logo, UI elements, card frame, border, nameplate, drop shadow, white background, grey background, checkerboard background, multiple subjects, collage, cropped, out of frame, extra limbs, deformed anatomy, firearms, modern clothing, existing franchise character, recognisable game mascot, anime screenshot
common/water_bubble_fish.png	detailed 16-bit pixel art sprite, single centered subject, chunky readable pixels on a 64x64 logical grid, hard-edged colour clusters with no anti-aliasing, limited palette, hand-placed dithering for every gradient, light source from the upper left, crisp one-pixel rim light along the lower-right contour, one-pixel outline in a darker shade of the subject's own hue and never pure black, fully transparent background, no ground, no frame, no border, no text, three-quarter orthographic view, retro SNES monster-card illustration, crisp and legible at thumbnail size, a round plump little fish seen from the side, oversized round eye, wide fan tail, small pectoral fin, blowing a rising column of four bubbles of decreasing size, a hint of a lakebed scene reflected inside the largest bubble, simple flat silhouette, calm pose, minimal effects, 5 to 7 colours, palette built around #BDD8F9 #60A5FA #3B82F6 #1D4ED8 #10359D	photorealistic, 3d render, octane, blurry, soft focus, anti-aliased edges, smooth gradients, airbrush, jpeg artifacts, noise, text, letters, numbers, watermark, signature, logo, UI elements, card frame, border, nameplate, drop shadow, white background, grey background, checkerboard background, multiple subjects, collage, cropped, out of frame, extra limbs, deformed anatomy, firearms, modern clothing, existing franchise character, recognisable game mascot, anime screenshot
common/water_jelly_baby.png	detailed 16-bit pixel art sprite, single centered subject, chunky readable pixels on a 64x64 logical grid, hard-edged colour clusters with no anti-aliasing, limited palette, hand-placed dithering for every gradient, light source from the upper left, crisp one-pixel rim light along the lower-right contour, one-pixel outline in a darker shade of the subject's own hue and never pure black, fully transparent background, no ground, no frame, no border, no text, three-quarter orthographic view, retro SNES monster-card illustration, crisp and legible at thumbnail size, a baby jellyfish, semi-transparent dome-shaped bell at the top, five short wavy tentacles trailing downward and outward, soft inner glow visible through the bell, drifting upward, simple flat silhouette, calm pose, minimal effects, 5 to 7 colours, palette built around #BDD8F9 #60A5FA #3B82F6 #1D4ED8 #10359D	photorealistic, 3d render, octane, blurry, soft focus, anti-aliased edges, smooth gradients, airbrush, jpeg artifacts, noise, text, letters, numbers, watermark, signature, logo, UI elements, card frame, border, nameplate, drop shadow, white background, grey background, checkerboard background, multiple subjects, collage, cropped, out of frame, extra limbs, deformed anatomy, firearms, modern clothing, existing franchise character, recognisable game mascot, anime screenshot
common/fire_small_flame.png	detailed 16-bit pixel art sprite, single centered subject, chunky readable pixels on a 64x64 logical grid, hard-edged colour clusters with no anti-aliasing, limited palette, hand-placed dithering for every gradient, light source from the upper left, crisp one-pixel rim light along the lower-right contour, one-pixel outline in a darker shade of the subject's own hue and never pure black, fully transparent background, no ground, no frame, no border, no text, three-quarter orthographic view, retro SNES monster-card illustration, crisp and legible at thumbnail size, a small sentient flame, teardrop body tapering to a flickering point at the top, two simple round eyes and a cheerful curved mouth low on the body, tiny arm-like wisps at the sides, one moth silhouette circling near the tip, simple flat silhouette, calm pose, minimal effects, 5 to 7 colours, palette built around #FBCDD4 #FB7185 #EF4444 #B91C1C #7F0F0F	photorealistic, 3d render, octane, blurry, soft focus, anti-aliased edges, smooth gradients, airbrush, jpeg artifacts, noise, text, letters, numbers, watermark, signature, logo, UI elements, card frame, border, nameplate, drop shadow, white background, grey background, checkerboard background, multiple subjects, collage, cropped, out of frame, extra limbs, deformed anatomy, firearms, modern clothing, existing franchise character, recognisable game mascot, anime screenshot
common/fire_lava_worm.png	detailed 16-bit pixel art sprite, single centered subject, chunky readable pixels on a 64x64 logical grid, hard-edged colour clusters with no anti-aliasing, limited palette, hand-placed dithering for every gradient, light source from the upper left, crisp one-pixel rim light along the lower-right contour, one-pixel outline in a darker shade of the subject's own hue and never pure black, fully transparent background, no ground, no frame, no border, no text, three-quarter orthographic view, retro SNES monster-card illustration, crisp and legible at thumbnail size, a thick armoured worm curved into an S shape, overlapping dark carapace plates along its back with molten orange seams glowing between them, blunt eyeless head raised at the front, heat shimmer rising from its spine, simple flat silhouette, calm pose, minimal effects, 5 to 7 colours, palette built around #FBCDD4 #FB7185 #EF4444 #B91C1C #7F0F0F	photorealistic, 3d render, octane, blurry, soft focus, anti-aliased edges, smooth gradients, airbrush, jpeg artifacts, noise, text, letters, numbers, watermark, signature, logo, UI elements, card frame, border, nameplate, drop shadow, white background, grey background, checkerboard background, multiple subjects, collage, cropped, out of frame, extra limbs, deformed anatomy, firearms, modern clothing, existing franchise character, recognisable game mascot, anime screenshot
common/thunder_static_bug.png	detailed 16-bit pixel art sprite, single centered subject, chunky readable pixels on a 64x64 logical grid, hard-edged colour clusters with no anti-aliasing, limited palette, hand-placed dithering for every gradient, light source from the upper left, crisp one-pixel rim light along the lower-right contour, one-pixel outline in a darker shade of the subject's own hue and never pure black, fully transparent background, no ground, no frame, no border, no text, three-quarter orthographic view, retro SNES monster-card illustration, crisp and legible at thumbnail size, a small beetle with two large translucent wings spread wide and raised, compact rounded body below, thin antennae, tiny sparks jumping in the gap between the two wings, delicate vein patterns across the wing membranes, simple flat silhouette, calm pose, minimal effects, 5 to 7 colours, palette built around #EEDFFC #C084FC #A855F7 #7E22CE #591495	photorealistic, 3d render, octane, blurry, soft focus, anti-aliased edges, smooth gradients, airbrush, jpeg artifacts, noise, text, letters, numbers, watermark, signature, logo, UI elements, card frame, border, nameplate, drop shadow, white background, grey background, checkerboard background, multiple subjects, collage, cropped, out of frame, extra limbs, deformed anatomy, firearms, modern clothing, existing franchise character, recognisable game mascot, anime screenshot
common/thunder_cloud_baby.png	detailed 16-bit pixel art sprite, single centered subject, chunky readable pixels on a 64x64 logical grid, hard-edged colour clusters with no anti-aliasing, limited palette, hand-placed dithering for every gradient, light source from the upper left, crisp one-pixel rim light along the lower-right contour, one-pixel outline in a darker shade of the subject's own hue and never pure black, fully transparent background, no ground, no frame, no border, no text, three-quarter orthographic view, retro SNES monster-card illustration, crisp and legible at thumbnail size, a small puffy storm cloud with a face, wide and low silhouette with a bumpy scalloped underside, sulking expression with furrowed brows, one tiny lightning bolt poking out from beneath it, small tuft curling up on top, simple flat silhouette, calm pose, minimal effects, 5 to 7 colours, palette built around #EEDFFC #C084FC #A855F7 #7E22CE #591495	photorealistic, 3d render, octane, blurry, soft focus, anti-aliased edges, smooth gradients, airbrush, jpeg artifacts, noise, text, letters, numbers, watermark, signature, logo, UI elements, card frame, border, nameplate, drop shadow, white background, grey background, checkerboard background, multiple subjects, collage, cropped, out of frame, extra limbs, deformed anatomy, firearms, modern clothing, existing franchise character, recognisable game mascot, anime screenshot
common/ice_snow_ball.png	detailed 16-bit pixel art sprite, single centered subject, chunky readable pixels on a 64x64 logical grid, hard-edged colour clusters with no anti-aliasing, limited palette, hand-placed dithering for every gradient, light source from the upper left, crisp one-pixel rim light along the lower-right contour, one-pixel outline in a darker shade of the subject's own hue and never pure black, fully transparent background, no ground, no frame, no border, no text, three-quarter orthographic view, retro SNES monster-card illustration, crisp and legible at thumbnail size, a snowball creature, near-perfect sphere body with a slightly flattened base, two stubby legs mid-stride, two small dot eyes near the top, a curling trail of frost flowers left on the ground behind it, simple flat silhouette, calm pose, minimal effects, 5 to 7 colours, palette built around #C3F3F9 #67E8F9 #22D3EE #0891B2 #025B71	photorealistic, 3d render, octane, blurry, soft focus, anti-aliased edges, smooth gradients, airbrush, jpeg artifacts, noise, text, letters, numbers, watermark, signature, logo, UI elements, card frame, border, nameplate, drop shadow, white background, grey background, checkerboard background, multiple subjects, collage, cropped, out of frame, extra limbs, deformed anatomy, firearms, modern clothing, existing franchise character, recognisable game mascot, anime screenshot
common/ice_frost_bug.png	detailed 16-bit pixel art sprite, single centered subject, chunky readable pixels on a 64x64 logical grid, hard-edged colour clusters with no anti-aliasing, limited palette, hand-placed dithering for every gradient, light source from the upper left, crisp one-pixel rim light along the lower-right contour, one-pixel outline in a darker shade of the subject's own hue and never pure black, fully transparent background, no ground, no frame, no border, no text, three-quarter orthographic view, retro SNES monster-card illustration, crisp and legible at thumbnail size, a pale larva curled into a C shape, sealed inside a block of clear ice with rounded corners, its segmented body faintly visible through the ice, a hairline crack running down one face of the block, simple flat silhouette, calm pose, minimal effects, 5 to 7 colours, palette built around #C3F3F9 #67E8F9 #22D3EE #0891B2 #025B71	photorealistic, 3d render, octane, blurry, soft focus, anti-aliased edges, smooth gradients, airbrush, jpeg artifacts, noise, text, letters, numbers, watermark, signature, logo, UI elements, card frame, border, nameplate, drop shadow, white background, grey background, checkerboard background, multiple subjects, collage, cropped, out of frame, extra limbs, deformed anatomy, firearms, modern clothing, existing franchise character, recognisable game mascot, anime screenshot
common/rock_rock_beetle.png	detailed 16-bit pixel art sprite, single centered subject, chunky readable pixels on a 64x64 logical grid, hard-edged colour clusters with no anti-aliasing, limited palette, hand-placed dithering for every gradient, light source from the upper left, crisp one-pixel rim light along the lower-right contour, one-pixel outline in a darker shade of the subject's own hue and never pure black, fully transparent background, no ground, no frame, no border, no text, three-quarter orthographic view, retro SNES monster-card illustration, crisp and legible at thumbnail size, a beetle with a thick stone shell, low and wide silhouette seen from a high three-quarter angle, the shell surface cracked into rocky plates with a mineral vein running across it, six short sturdy legs, small head barely emerging from under the shell rim, simple flat silhouette, calm pose, minimal effects, 5 to 7 colours, palette built around #F6D685 #FBBF24 #F59E0B #B45309 #733303	photorealistic, 3d render, octane, blurry, soft focus, anti-aliased edges, smooth gradients, airbrush, jpeg artifacts, noise, text, letters, numbers, watermark, signature, logo, UI elements, card frame, border, nameplate, drop shadow, white background, grey background, checkerboard background, multiple subjects, collage, cropped, out of frame, extra limbs, deformed anatomy, firearms, modern clothing, existing franchise character, recognisable game mascot, anime screenshot
common/rock_miner_rat.png	detailed 16-bit pixel art sprite, single centered subject, chunky readable pixels on a 64x64 logical grid, hard-edged colour clusters with no anti-aliasing, limited palette, hand-placed dithering for every gradient, light source from the upper left, crisp one-pixel rim light along the lower-right contour, one-pixel outline in a darker shade of the subject's own hue and never pure black, fully transparent background, no ground, no frame, no border, no text, three-quarter orthographic view, retro SNES monster-card illustration, crisp and legible at thumbnail size, a bipedal rat miner standing upright, small leather helmet with a glowing lamp on the front, one paw holding a tiny sack over its shoulder, long thin tail curving behind for balance, alert whiskered snout, patched work vest, simple flat silhouette, calm pose, minimal effects, 5 to 7 colours, palette built around #F6D685 #FBBF24 #F59E0B #B45309 #733303	photorealistic, 3d render, octane, blurry, soft focus, anti-aliased edges, smooth gradients, airbrush, jpeg artifacts, noise, text, letters, numbers, watermark, signature, logo, UI elements, card frame, border, nameplate, drop shadow, white background, grey background, checkerboard background, multiple subjects, collage, cropped, out of frame, extra limbs, deformed anatomy, firearms, modern clothing, existing franchise character, recognisable game mascot, anime screenshot
common/grass_herb_pouch.png	detailed 16-bit pixel art sprite, single centered subject, chunky readable pixels on a 64x64 logical grid, hard-edged colour clusters with no anti-aliasing, limited palette, hand-placed dithering for every gradient, light source from the upper left, crisp one-pixel rim light along the lower-right contour, one-pixel outline in a darker shade of the subject's own hue and never pure black, fully transparent background, no ground, no frame, no border, no text, three-quarter orthographic view, retro SNES monster-card illustration, crisp and legible at thumbnail size, a small cloth herb pouch with a drawstring cinched at the neck, body bulging with contents, two sprigs of herb poking out of the opening, coarse woven texture rendered as visible stitch-like pixel rows, a simple leaf emblem stitched on the front, simple flat silhouette, calm pose, minimal effects, 5 to 7 colours, palette built around #9EE6B8 #4ADE80 #22C55E #15803D #09451F	photorealistic, 3d render, octane, blurry, soft focus, anti-aliased edges, smooth gradients, airbrush, jpeg artifacts, noise, text, letters, numbers, watermark, signature, logo, UI elements, card frame, border, nameplate, drop shadow, white background, grey background, checkerboard background, multiple subjects, collage, cropped, out of frame, extra limbs, deformed anatomy, firearms, modern clothing, existing franchise character, recognisable game mascot, anime screenshot
common/water_conch_shell.png	detailed 16-bit pixel art sprite, single centered subject, chunky readable pixels on a 64x64 logical grid, hard-edged colour clusters with no anti-aliasing, limited palette, hand-placed dithering for every gradient, light source from the upper left, crisp one-pixel rim light along the lower-right contour, one-pixel outline in a darker shade of the subject's own hue and never pure black, fully transparent background, no ground, no frame, no border, no text, three-quarter orthographic view, retro SNES monster-card illustration, crisp and legible at thumbnail size, a spiral conch shell resting at an angle, the spiral whorl clearly readable with three visible turns, ribbed ridges following each turn, smooth polished opening facing the viewer, pearlescent sheen on the inner lip, simple flat silhouette, calm pose, minimal effects, 5 to 7 colours, palette built around #BDD8F9 #60A5FA #3B82F6 #1D4ED8 #10359D	photorealistic, 3d render, octane, blurry, soft focus, anti-aliased edges, smooth gradients, airbrush, jpeg artifacts, noise, text, letters, numbers, watermark, signature, logo, UI elements, card frame, border, nameplate, drop shadow, white background, grey background, checkerboard background, multiple subjects, collage, cropped, out of frame, extra limbs, deformed anatomy, firearms, modern clothing, existing franchise character, recognisable game mascot, anime screenshot
common/fire_torch.png	detailed 16-bit pixel art sprite, single centered subject, chunky readable pixels on a 64x64 logical grid, hard-edged colour clusters with no anti-aliasing, limited palette, hand-placed dithering for every gradient, light source from the upper left, crisp one-pixel rim light along the lower-right contour, one-pixel outline in a darker shade of the subject's own hue and never pure black, fully transparent background, no ground, no frame, no border, no text, three-quarter orthographic view, retro SNES monster-card illustration, crisp and legible at thumbnail size, a wooden torch held upright, wrapped cloth head burning with a tall steady flame, bound leather grip on the shaft, three embers rising above the flame, faint scorch marks on the wood below the wrapping, simple flat silhouette, calm pose, minimal effects, 5 to 7 colours, palette built around #FBCDD4 #FB7185 #EF4444 #B91C1C #7F0F0F	photorealistic, 3d render, octane, blurry, soft focus, anti-aliased edges, smooth gradients, airbrush, jpeg artifacts, noise, text, letters, numbers, watermark, signature, logo, UI elements, card frame, border, nameplate, drop shadow, white background, grey background, checkerboard background, multiple subjects, collage, cropped, out of frame, extra limbs, deformed anatomy, firearms, modern clothing, existing franchise character, recognisable game mascot, anime screenshot
common/thunder_battery.png	detailed 16-bit pixel art sprite, single centered subject, chunky readable pixels on a 64x64 logical grid, hard-edged colour clusters with no anti-aliasing, limited palette, hand-placed dithering for every gradient, light source from the upper left, crisp one-pixel rim light along the lower-right contour, one-pixel outline in a darker shade of the subject's own hue and never pure black, fully transparent background, no ground, no frame, no border, no text, three-quarter orthographic view, retro SNES monster-card illustration, crisp and legible at thumbnail size, a cylindrical energy cell standing on end, a raised terminal nub on top, two metal bands around the body, a glowing charge-level window running vertically down the front, small arc of electricity crossing the top terminal, simple flat silhouette, calm pose, minimal effects, 5 to 7 colours, palette built around #EEDFFC #C084FC #A855F7 #7E22CE #591495	photorealistic, 3d render, octane, blurry, soft focus, anti-aliased edges, smooth gradients, airbrush, jpeg artifacts, noise, text, letters, numbers, watermark, signature, logo, UI elements, card frame, border, nameplate, drop shadow, white background, grey background, checkerboard background, multiple subjects, collage, cropped, out of frame, extra limbs, deformed anatomy, firearms, modern clothing, existing franchise character, recognisable game mascot, anime screenshot
common/ice_ice_spike.png	detailed 16-bit pixel art sprite, single centered subject, chunky readable pixels on a 64x64 logical grid, hard-edged colour clusters with no anti-aliasing, limited palette, hand-placed dithering for every gradient, light source from the upper left, crisp one-pixel rim light along the lower-right contour, one-pixel outline in a darker shade of the subject's own hue and never pure black, fully transparent background, no ground, no frame, no border, no text, three-quarter orthographic view, retro SNES monster-card illustration, crisp and legible at thumbnail size, a long tapered icicle hanging point-down, wide at the top and narrowing to a needle tip, internal fracture lines catching the light, a single droplet about to fall from the tip, frost crust across the thick upper portion, simple flat silhouette, calm pose, minimal effects, 5 to 7 colours, palette built around #C3F3F9 #67E8F9 #22D3EE #0891B2 #025B71	photorealistic, 3d render, octane, blurry, soft focus, anti-aliased edges, smooth gradients, airbrush, jpeg artifacts, noise, text, letters, numbers, watermark, signature, logo, UI elements, card frame, border, nameplate, drop shadow, white background, grey background, checkerboard background, multiple subjects, collage, cropped, out of frame, extra limbs, deformed anatomy, firearms, modern clothing, existing franchise character, recognisable game mascot, anime screenshot
common/rock_pickaxe.png	detailed 16-bit pixel art sprite, single centered subject, chunky readable pixels on a 64x64 logical grid, hard-edged colour clusters with no anti-aliasing, limited palette, hand-placed dithering for every gradient, light source from the upper left, crisp one-pixel rim light along the lower-right contour, one-pixel outline in a darker shade of the subject's own hue and never pure black, fully transparent background, no ground, no frame, no border, no text, three-quarter orthographic view, retro SNES monster-card illustration, crisp and legible at thumbnail size, a dwarven pickaxe laid on a strong diagonal, heavy forged double-sided iron head, thick wooden haft bound with leather strapping at the grip, chips and nicks along the striking edge, faint gold flecks embedded in the metal, simple flat silhouette, calm pose, minimal effects, 5 to 7 colours, palette built around #F6D685 #FBBF24 #F59E0B #B45309 #733303	photorealistic, 3d render, octane, blurry, soft focus, anti-aliased edges, smooth gradients, airbrush, jpeg artifacts, noise, text, letters, numbers, watermark, signature, logo, UI elements, card frame, border, nameplate, drop shadow, white background, grey background, checkerboard background, multiple subjects, collage, cropped, out of frame, extra limbs, deformed anatomy, firearms, modern clothing, existing franchise character, recognisable game mascot, anime screenshot
rare/grass_thorn_guard.png	detailed 16-bit pixel art sprite, single centered subject, chunky readable pixels on a 64x64 logical grid, hard-edged colour clusters with no anti-aliasing, limited palette, hand-placed dithering for every gradient, light source from the upper left, crisp one-pixel rim light along the lower-right contour, one-pixel outline in a darker shade of the subject's own hue and never pure black, fully transparent background, no ground, no frame, no border, no text, three-quarter orthographic view, retro SNES monster-card illustration, crisp and legible at thumbnail size, an elite warrior clad in living thorn armour, broad shoulders spiked with outward-curving barbs, a round shield of layered bark held forward, helm woven from vines with only the eyes glowing through, standing braced in a defensive stance, loose petals drifting past, ornate detail, dynamic three-quarter stance, one signature effect layer, rim lighting, 8 to 11 colours, palette built around #9EE6B8 #4ADE80 #22C55E #15803D #09451F	photorealistic, 3d render, octane, blurry, soft focus, anti-aliased edges, smooth gradients, airbrush, jpeg artifacts, noise, text, letters, numbers, watermark, signature, logo, UI elements, card frame, border, nameplate, drop shadow, white background, grey background, checkerboard background, multiple subjects, collage, cropped, out of frame, extra limbs, deformed anatomy, firearms, modern clothing, existing franchise character, recognisable game mascot, anime screenshot
rare/water_tide_herald.png	detailed 16-bit pixel art sprite, single centered subject, chunky readable pixels on a 64x64 logical grid, hard-edged colour clusters with no anti-aliasing, limited palette, hand-placed dithering for every gradient, light source from the upper left, crisp one-pixel rim light along the lower-right contour, one-pixel outline in a darker shade of the subject's own hue and never pure black, fully transparent background, no ground, no frame, no border, no text, three-quarter orthographic view, retro SNES monster-card illustration, crisp and legible at thumbnail size, a robed herald of the tides, flowing garment whose lower hem dissolves into a curling wave, one arm raised with the palm open commanding the water, a crescent of suspended droplets orbiting the raised hand, hood shadowing a calm face, sash streaming sideways, ornate detail, dynamic three-quarter stance, one signature effect layer, rim lighting, 8 to 11 colours, palette built around #BDD8F9 #60A5FA #3B82F6 #1D4ED8 #10359D	photorealistic, 3d render, octane, blurry, soft focus, anti-aliased edges, smooth gradients, airbrush, jpeg artifacts, noise, text, letters, numbers, watermark, signature, logo, UI elements, card frame, border, nameplate, drop shadow, white background, grey background, checkerboard background, multiple subjects, collage, cropped, out of frame, extra limbs, deformed anatomy, firearms, modern clothing, existing franchise character, recognisable game mascot, anime screenshot
rare/fire_flame_knight.png	detailed 16-bit pixel art sprite, single centered subject, chunky readable pixels on a 64x64 logical grid, hard-edged colour clusters with no anti-aliasing, limited palette, hand-placed dithering for every gradient, light source from the upper left, crisp one-pixel rim light along the lower-right contour, one-pixel outline in a darker shade of the subject's own hue and never pure black, fully transparent background, no ground, no frame, no border, no text, three-quarter orthographic view, retro SNES monster-card illustration, crisp and legible at thumbnail size, a knight in blackened plate armour raising a longsword wreathed in flame, the blade angled up and across the body, molten light glowing through the joints and visor slit of the armour, tattered cape lifted by the heat, sparks streaming off the sword edge, ornate detail, dynamic three-quarter stance, one signature effect layer, rim lighting, 8 to 11 colours, palette built around #FBCDD4 #FB7185 #EF4444 #B91C1C #7F0F0F	photorealistic, 3d render, octane, blurry, soft focus, anti-aliased edges, smooth gradients, airbrush, jpeg artifacts, noise, text, letters, numbers, watermark, signature, logo, UI elements, card frame, border, nameplate, drop shadow, white background, grey background, checkerboard background, multiple subjects, collage, cropped, out of frame, extra limbs, deformed anatomy, firearms, modern clothing, existing franchise character, recognisable game mascot, anime screenshot
rare/thunder_storm_eye.png	detailed 16-bit pixel art sprite, single centered subject, chunky readable pixels on a 64x64 logical grid, hard-edged colour clusters with no anti-aliasing, limited palette, hand-placed dithering for every gradient, light source from the upper left, crisp one-pixel rim light along the lower-right contour, one-pixel outline in a darker shade of the subject's own hue and never pure black, fully transparent background, no ground, no frame, no border, no text, three-quarter orthographic view, retro SNES monster-card illustration, crisp and legible at thumbnail size, a standing figure in a pointed hood, the hood forming a clear wide triangle silhouette at the top, two bright slit eyes glowing inside the hood opening, a long straight cloak falling to a flat hem, and one large round orb with a dark iris floating just in front of the chest at arm's height. Thin lightning arcs connect the orb to the figure's raised hand. Both the hood triangle and the orb circle must stay clearly readable as separate shapes, ornate detail, dynamic three-quarter stance, one signature effect layer, rim lighting, 8 to 11 colours, palette built around #EEDFFC #C084FC #A855F7 #7E22CE #591495	photorealistic, 3d render, octane, blurry, soft focus, anti-aliased edges, smooth gradients, airbrush, jpeg artifacts, noise, text, letters, numbers, watermark, signature, logo, UI elements, card frame, border, nameplate, drop shadow, white background, grey background, checkerboard background, multiple subjects, collage, cropped, out of frame, extra limbs, deformed anatomy, firearms, modern clothing, existing franchise character, recognisable game mascot, anime screenshot
rare/ice_frost_warden.png	detailed 16-bit pixel art sprite, single centered subject, chunky readable pixels on a 64x64 logical grid, hard-edged colour clusters with no anti-aliasing, limited palette, hand-placed dithering for every gradient, light source from the upper left, crisp one-pixel rim light along the lower-right contour, one-pixel outline in a darker shade of the subject's own hue and never pure black, fully transparent background, no ground, no frame, no border, no text, three-quarter orthographic view, retro SNES monster-card illustration, crisp and legible at thumbnail size, a sentinel encased in thick glacial armour, angular pauldrons and greaves carved with ancient runes that glow faintly from within the ice, gripping a long frost halberd planted at its side, breath condensing into a small cloud, hoarfrost spreading from where the weapon touches down, ornate detail, dynamic three-quarter stance, one signature effect layer, rim lighting, 8 to 11 colours, palette built around #C3F3F9 #67E8F9 #22D3EE #0891B2 #025B71	photorealistic, 3d render, octane, blurry, soft focus, anti-aliased edges, smooth gradients, airbrush, jpeg artifacts, noise, text, letters, numbers, watermark, signature, logo, UI elements, card frame, border, nameplate, drop shadow, white background, grey background, checkerboard background, multiple subjects, collage, cropped, out of frame, extra limbs, deformed anatomy, firearms, modern clothing, existing franchise character, recognisable game mascot, anime screenshot
rare/rock_ridge_giant.png	detailed 16-bit pixel art sprite, single centered subject, chunky readable pixels on a 64x64 logical grid, hard-edged colour clusters with no anti-aliasing, limited palette, hand-placed dithering for every gradient, light source from the upper left, crisp one-pixel rim light along the lower-right contour, one-pixel outline in a darker shade of the subject's own hue and never pure black, fully transparent background, no ground, no frame, no border, no text, three-quarter orthographic view, retro SNES monster-card illustration, crisp and legible at thumbnail size, a giant humanoid figure standing upright and facing the viewer, clearly readable anatomy: one blocky head sunk between two enormous square shoulders, two thick arms hanging past the knees with fists closed, two short pillar legs planted apart. Its skin is grey stone with moss in the cracks, but the silhouette reads as a person first and rock second. Deep-set glowing eyes under a heavy brow, ornate detail, dynamic three-quarter stance, one signature effect layer, rim lighting, 8 to 11 colours, palette built around #F6D685 #FBBF24 #F59E0B #B45309 #733303	photorealistic, 3d render, octane, blurry, soft focus, anti-aliased edges, smooth gradients, airbrush, jpeg artifacts, noise, text, letters, numbers, watermark, signature, logo, UI elements, card frame, border, nameplate, drop shadow, white background, grey background, checkerboard background, multiple subjects, collage, cropped, out of frame, extra limbs, deformed anatomy, firearms, modern clothing, existing franchise character, recognisable game mascot, anime screenshot
rare/grass_life_seed.png	detailed 16-bit pixel art sprite, single centered subject, chunky readable pixels on a 64x64 logical grid, hard-edged colour clusters with no anti-aliasing, limited palette, hand-placed dithering for every gradient, light source from the upper left, crisp one-pixel rim light along the lower-right contour, one-pixel outline in a darker shade of the subject's own hue and never pure black, fully transparent background, no ground, no frame, no border, no text, three-quarter orthographic view, retro SNES monster-card illustration, crisp and legible at thumbnail size, a sacred seed floating in mid-air, smooth ovoid husk with a spiral groove, a single delicate sprout unfurling from its crown, a thin ring of light encircling it horizontally, motes of green light spiralling upward around the husk, ornate detail, dynamic three-quarter stance, one signature effect layer, rim lighting, 8 to 11 colours, palette built around #9EE6B8 #4ADE80 #22C55E #15803D #09451F	photorealistic, 3d render, octane, blurry, soft focus, anti-aliased edges, smooth gradients, airbrush, jpeg artifacts, noise, text, letters, numbers, watermark, signature, logo, UI elements, card frame, border, nameplate, drop shadow, white background, grey background, checkerboard background, multiple subjects, collage, cropped, out of frame, extra limbs, deformed anatomy, firearms, modern clothing, existing franchise character, recognisable game mascot, anime screenshot
rare/water_deep_pearl.png	detailed 16-bit pixel art sprite, single centered subject, chunky readable pixels on a 64x64 logical grid, hard-edged colour clusters with no anti-aliasing, limited palette, hand-placed dithering for every gradient, light source from the upper left, crisp one-pixel rim light along the lower-right contour, one-pixel outline in a darker shade of the subject's own hue and never pure black, fully transparent background, no ground, no frame, no border, no text, three-quarter orthographic view, retro SNES monster-card illustration, crisp and legible at thumbnail size, a great deep-sea shell hinged open, its ribbed halves framing a single luminous pearl resting inside, iridescent nacre lining the shell interior, the pearl casting light onto the shell walls, three small bubbles rising from the hinge, ornate detail, dynamic three-quarter stance, one signature effect layer, rim lighting, 8 to 11 colours, palette built around #BDD8F9 #60A5FA #3B82F6 #1D4ED8 #10359D	photorealistic, 3d render, octane, blurry, soft focus, anti-aliased edges, smooth gradients, airbrush, jpeg artifacts, noise, text, letters, numbers, watermark, signature, logo, UI elements, card frame, border, nameplate, drop shadow, white background, grey background, checkerboard background, multiple subjects, collage, cropped, out of frame, extra limbs, deformed anatomy, firearms, modern clothing, existing franchise character, recognisable game mascot, anime screenshot
rare/fire_magma_heart.png	detailed 16-bit pixel art sprite, single centered subject, chunky readable pixels on a 64x64 logical grid, hard-edged colour clusters with no anti-aliasing, limited palette, hand-placed dithering for every gradient, light source from the upper left, crisp one-pixel rim light along the lower-right contour, one-pixel outline in a darker shade of the subject's own hue and never pure black, fully transparent background, no ground, no frame, no border, no text, three-quarter orthographic view, retro SNES monster-card illustration, crisp and legible at thumbnail size, a faceted gemstone with a molten core visible through its translucent walls, sharp geometric facets catching hard highlights, the inner magma glowing brightest at the centre and pulsing outward through veins in the stone, heat distortion rising from the top facet, ornate detail, dynamic three-quarter stance, one signature effect layer, rim lighting, 8 to 11 colours, palette built around #FBCDD4 #FB7185 #EF4444 #B91C1C #7F0F0F	photorealistic, 3d render, octane, blurry, soft focus, anti-aliased edges, smooth gradients, airbrush, jpeg artifacts, noise, text, letters, numbers, watermark, signature, logo, UI elements, card frame, border, nameplate, drop shadow, white background, grey background, checkerboard background, multiple subjects, collage, cropped, out of frame, extra limbs, deformed anatomy, firearms, modern clothing, existing franchise character, recognisable game mascot, anime screenshot
rare/thunder_thunder_hammer.png	detailed 16-bit pixel art sprite, single centered subject, chunky readable pixels on a 64x64 logical grid, hard-edged colour clusters with no anti-aliasing, limited palette, hand-placed dithering for every gradient, light source from the upper left, crisp one-pixel rim light along the lower-right contour, one-pixel outline in a darker shade of the subject's own hue and never pure black, fully transparent background, no ground, no frame, no border, no text, three-quarter orthographic view, retro SNES monster-card illustration, crisp and legible at thumbnail size, a dwarven war hammer standing head-up, massive rectangular hammer head engraved with angular runes, short thick haft wrapped in worn leather, electricity arcing between the two striking faces, a chip missing from one corner of the head, ornate detail, dynamic three-quarter stance, one signature effect layer, rim lighting, 8 to 11 colours, palette built around #EEDFFC #C084FC #A855F7 #7E22CE #591495	photorealistic, 3d render, octane, blurry, soft focus, anti-aliased edges, smooth gradients, airbrush, jpeg artifacts, noise, text, letters, numbers, watermark, signature, logo, UI elements, card frame, border, nameplate, drop shadow, white background, grey background, checkerboard background, multiple subjects, collage, cropped, out of frame, extra limbs, deformed anatomy, firearms, modern clothing, existing franchise character, recognisable game mascot, anime screenshot
rare/ice_eternal_mirror.png	detailed 16-bit pixel art sprite, single centered subject, chunky readable pixels on a 64x64 logical grid, hard-edged colour clusters with no anti-aliasing, limited palette, hand-placed dithering for every gradient, light source from the upper left, crisp one-pixel rim light along the lower-right contour, one-pixel outline in a darker shade of the subject's own hue and never pure black, fully transparent background, no ground, no frame, no border, no text, three-quarter orthographic view, retro SNES monster-card illustration, crisp and legible at thumbnail size, an ornate hand mirror with a frost-rimed surface, circular frame of twisted silver-blue metal with a short handle, the glass clouded with frost at the edges and clearing toward the centre where a faint indistinct reflection shows, ice crystals growing outward from the frame, ornate detail, dynamic three-quarter stance, one signature effect layer, rim lighting, 8 to 11 colours, palette built around #C3F3F9 #67E8F9 #22D3EE #0891B2 #025B71	photorealistic, 3d render, octane, blurry, soft focus, anti-aliased edges, smooth gradients, airbrush, jpeg artifacts, noise, text, letters, numbers, watermark, signature, logo, UI elements, card frame, border, nameplate, drop shadow, white background, grey background, checkerboard background, multiple subjects, collage, cropped, out of frame, extra limbs, deformed anatomy, firearms, modern clothing, existing franchise character, recognisable game mascot, anime screenshot
rare/rock_gold_shield.png	detailed 16-bit pixel art sprite, single centered subject, chunky readable pixels on a 64x64 logical grid, hard-edged colour clusters with no anti-aliasing, limited palette, hand-placed dithering for every gradient, light source from the upper left, crisp one-pixel rim light along the lower-right contour, one-pixel outline in a darker shade of the subject's own hue and never pure black, fully transparent background, no ground, no frame, no border, no text, three-quarter orthographic view, retro SNES monster-card illustration, crisp and legible at thumbnail size, a round shield forged from dense stone, seen face-on, a raised metal boss at the centre with gold inlay radiating outward in geometric channels, the stone surface scarred with deflected blows, riveted rim band, faint golden light in the inlay grooves, ornate detail, dynamic three-quarter stance, one signature effect layer, rim lighting, 8 to 11 colours, palette built around #F6D685 #FBBF24 #F59E0B #B45309 #733303	photorealistic, 3d render, octane, blurry, soft focus, anti-aliased edges, smooth gradients, airbrush, jpeg artifacts, noise, text, letters, numbers, watermark, signature, logo, UI elements, card frame, border, nameplate, drop shadow, white background, grey background, checkerboard background, multiple subjects, collage, cropped, out of frame, extra limbs, deformed anatomy, firearms, modern clothing, existing franchise character, recognisable game mascot, anime screenshot
legend/grass_guardian.png	detailed 16-bit pixel art sprite, single centered subject, chunky readable pixels on a 64x64 logical grid, hard-edged colour clusters with no anti-aliasing, limited palette, hand-placed dithering for every gradient, light source from the upper left, crisp one-pixel rim light along the lower-right contour, one-pixel outline in a darker shade of the subject's own hue and never pure black, fully transparent background, no ground, no frame, no border, no text, three-quarter orthographic view, retro SNES monster-card illustration, crisp and legible at thumbnail size, a serpentine eastern dragon coiled into a sweeping S curve, its mane and whiskers formed from long trailing leaves, scales layered like overlapping petals, antlered head turned toward the viewer, exhaling a stream of green breath that sprouts tiny shoots where it passes, body wrapping into the depth of the frame, epic dynamic diagonal composition, strong backlight, floating particles, faint environmental wisps, 12 to 16 colours, palette built around #9EE6B8 #4ADE80 #22C55E #15803D #09451F	photorealistic, 3d render, octane, blurry, soft focus, anti-aliased edges, smooth gradients, airbrush, jpeg artifacts, noise, text, letters, numbers, watermark, signature, logo, UI elements, card frame, border, nameplate, drop shadow, white background, grey background, checkerboard background, multiple subjects, collage, cropped, out of frame, extra limbs, deformed anatomy, firearms, modern clothing, existing franchise character, recognisable game mascot, anime screenshot
legend/water_guardian.png	detailed 16-bit pixel art sprite, single centered subject, chunky readable pixels on a 64x64 logical grid, hard-edged colour clusters with no anti-aliasing, limited palette, hand-placed dithering for every gradient, light source from the upper left, crisp one-pixel rim light along the lower-right contour, one-pixel outline in a darker shade of the subject's own hue and never pure black, fully transparent background, no ground, no frame, no border, no text, three-quarter orthographic view, retro SNES monster-card illustration, crisp and legible at thumbnail size, an immense whale breaching upward in a great arc, its underside pale and ridged, water sheeting off its flanks in curtains, a wide ring of waves breaking below where it left the surface, spray fanning behind the tail, one calm ancient eye visible, epic dynamic diagonal composition, strong backlight, floating particles, faint environmental wisps, 12 to 16 colours, palette built around #BDD8F9 #60A5FA #3B82F6 #1D4ED8 #10359D	photorealistic, 3d render, octane, blurry, soft focus, anti-aliased edges, smooth gradients, airbrush, jpeg artifacts, noise, text, letters, numbers, watermark, signature, logo, UI elements, card frame, border, nameplate, drop shadow, white background, grey background, checkerboard background, multiple subjects, collage, cropped, out of frame, extra limbs, deformed anatomy, firearms, modern clothing, existing franchise character, recognisable game mascot, anime screenshot
legend/fire_guardian.png	detailed 16-bit pixel art sprite, single centered subject, chunky readable pixels on a 64x64 logical grid, hard-edged colour clusters with no anti-aliasing, limited palette, hand-placed dithering for every gradient, light source from the upper left, crisp one-pixel rim light along the lower-right contour, one-pixel outline in a darker shade of the subject's own hue and never pure black, fully transparent background, no ground, no frame, no border, no text, three-quarter orthographic view, retro SNES monster-card illustration, crisp and legible at thumbnail size, a phoenix rising with both wings thrown open upward into a wide V, long tail feathers streaming down in ribbons of flame, plumage transitioning from deep ember at the body to bright fire at the feather tips, head thrown back mid-cry, ash and sparks swirling in its updraft, epic dynamic diagonal composition, strong backlight, floating particles, faint environmental wisps, 12 to 16 colours, palette built around #FBCDD4 #FB7185 #EF4444 #B91C1C #7F0F0F	photorealistic, 3d render, octane, blurry, soft focus, anti-aliased edges, smooth gradients, airbrush, jpeg artifacts, noise, text, letters, numbers, watermark, signature, logo, UI elements, card frame, border, nameplate, drop shadow, white background, grey background, checkerboard background, multiple subjects, collage, cropped, out of frame, extra limbs, deformed anatomy, firearms, modern clothing, existing franchise character, recognisable game mascot, anime screenshot
legend/thunder_guardian.png	detailed 16-bit pixel art sprite, single centered subject, chunky readable pixels on a 64x64 logical grid, hard-edged colour clusters with no anti-aliasing, limited palette, hand-placed dithering for every gradient, light source from the upper left, crisp one-pixel rim light along the lower-right contour, one-pixel outline in a darker shade of the subject's own hue and never pure black, fully transparent background, no ground, no frame, no border, no text, three-quarter orthographic view, retro SNES monster-card illustration, crisp and legible at thumbnail size, a great eagle in a steep dive, wings swept back tight against the airflow forming an arrowhead silhouette, talons extended forward, feathers edged with crackling electricity, a fork of lightning splitting the air along its dive path, fierce forward-locked gaze, epic dynamic diagonal composition, strong backlight, floating particles, faint environmental wisps, 12 to 16 colours, palette built around #EEDFFC #C084FC #A855F7 #7E22CE #591495	photorealistic, 3d render, octane, blurry, soft focus, anti-aliased edges, smooth gradients, airbrush, jpeg artifacts, noise, text, letters, numbers, watermark, signature, logo, UI elements, card frame, border, nameplate, drop shadow, white background, grey background, checkerboard background, multiple subjects, collage, cropped, out of frame, extra limbs, deformed anatomy, firearms, modern clothing, existing franchise character, recognisable game mascot, anime screenshot
legend/ice_guardian.png	detailed 16-bit pixel art sprite, single centered subject, chunky readable pixels on a 64x64 logical grid, hard-edged colour clusters with no anti-aliasing, limited palette, hand-placed dithering for every gradient, light source from the upper left, crisp one-pixel rim light along the lower-right contour, one-pixel outline in a darker shade of the subject's own hue and never pure black, fully transparent background, no ground, no frame, no border, no text, three-quarter orthographic view, retro SNES monster-card illustration, crisp and legible at thumbnail size, a lone wolf in full profile, head raised in a howl, thick frost-laden ruff around its neck, ice crystals forming along its spine and the tips of its fur, breath rising as a visible plume, paws planted in snow with frost radiating outward from each print, epic dynamic diagonal composition, strong backlight, floating particles, faint environmental wisps, 12 to 16 colours, palette built around #C3F3F9 #67E8F9 #22D3EE #0891B2 #025B71	photorealistic, 3d render, octane, blurry, soft focus, anti-aliased edges, smooth gradients, airbrush, jpeg artifacts, noise, text, letters, numbers, watermark, signature, logo, UI elements, card frame, border, nameplate, drop shadow, white background, grey background, checkerboard background, multiple subjects, collage, cropped, out of frame, extra limbs, deformed anatomy, firearms, modern clothing, existing franchise character, recognisable game mascot, anime screenshot
legend/rock_guardian.png	detailed 16-bit pixel art sprite, single centered subject, chunky readable pixels on a 64x64 logical grid, hard-edged colour clusters with no anti-aliasing, limited palette, hand-placed dithering for every gradient, light source from the upper left, crisp one-pixel rim light along the lower-right contour, one-pixel outline in a darker shade of the subject's own hue and never pure black, fully transparent background, no ground, no frame, no border, no text, three-quarter orthographic view, retro SNES monster-card illustration, crisp and legible at thumbnail size, an ancient tortoise with a mountain growing from its shell, the carapace rising into a rocky peak with tiny terraces and a thread of waterfall down one side, thick pillar legs, deeply wrinkled neck and a slow patient gaze, worn glyphs carved across the shell plates recording history, epic dynamic diagonal composition, strong backlight, floating particles, faint environmental wisps, 12 to 16 colours, palette built around #F6D685 #FBBF24 #F59E0B #B45309 #733303	photorealistic, 3d render, octane, blurry, soft focus, anti-aliased edges, smooth gradients, airbrush, jpeg artifacts, noise, text, letters, numbers, watermark, signature, logo, UI elements, card frame, border, nameplate, drop shadow, white background, grey background, checkerboard background, multiple subjects, collage, cropped, out of frame, extra limbs, deformed anatomy, firearms, modern clothing, existing franchise character, recognisable game mascot, anime screenshot
