file	prompt
boss_tier1.png	detailed 16-bit pixel art sprite, single centered subject, chunky readable pixels on a 16x16 logical grid, hard-edged colour clusters with no anti-aliasing, limited palette, hand-placed dithering for every gradient, light source from the upper left, crisp one-pixel rim light along the lower-right contour, one-pixel outline in a darker shade of the subject's own hue and never pure black, fully transparent background, no ground, no frame, no border, no text, three-quarter orthographic view, retro SNES monster-card illustration, crisp and legible at thumbnail size. SUBJECT: a small round imp with one stubby horn, oversized grin, tiny arms, squat and harmless-looking, faint red glow around it. Avoid: photorealistic, 3d render, blurry, soft focus, anti-aliased edges, smooth gradients, text, letters, watermark, logo, card frame, border, drop shadow, white background, multiple subjects, cropped, extra limbs, existing franchise character, recognisable game mascot.
boss_tier2.png	detailed 16-bit pixel art sprite, single centered subject, chunky readable pixels on a 16x16 logical grid, hard-edged colour clusters with no anti-aliasing, limited palette, hand-placed dithering for every gradient, light source from the upper left, crisp one-pixel rim light along the lower-right contour, one-pixel outline in a darker shade of the subject's own hue and never pure black, fully transparent background, no ground, no frame, no border, no text, three-quarter orthographic view, retro SNES monster-card illustration, crisp and legible at thumbnail size. SUBJECT: a long-nosed goblin mask spirit in profile, small feathered wings folded at its back, taller and leaner than the imp, ember flecks at the wingtips. Avoid: photorealistic, 3d render, blurry, soft focus, anti-aliased edges, smooth gradients, text, letters, watermark, logo, card frame, border, drop shadow, white background, multiple subjects, cropped, extra limbs, existing franchise character, recognisable game mascot.
boss_tier3.png	detailed 16-bit pixel art sprite, single centered subject, chunky readable pixels on a 16x16 logical grid, hard-edged colour clusters with no anti-aliasing, limited palette, hand-placed dithering for every gradient, light source from the upper left, crisp one-pixel rim light along the lower-right contour, one-pixel outline in a darker shade of the subject's own hue and never pure black, fully transparent background, no ground, no frame, no border, no text, three-quarter orthographic view, retro SNES monster-card illustration, crisp and legible at thumbnail size. SUBJECT: a coiled serpentine dragon head-on, branching antlers spread wide, sinuous body looping behind it, jaws parted with violet breath gathering. Avoid: photorealistic, 3d render, blurry, soft focus, anti-aliased edges, smooth gradients, text, letters, watermark, logo, card frame, border, drop shadow, white background, multiple subjects, cropped, extra limbs, existing franchise character, recognisable game mascot.
boss_tier4.png	detailed 16-bit pixel art sprite, single centered subject, chunky readable pixels on a 16x16 logical grid, hard-edged colour clusters with no anti-aliasing, limited palette, hand-placed dithering for every gradient, light source from the upper left, crisp one-pixel rim light along the lower-right contour, one-pixel outline in a darker shade of the subject's own hue and never pure black, fully transparent background, no ground, no frame, no border, no text, three-quarter orthographic view, retro SNES monster-card illustration, crisp and legible at thumbnail size. SUBJECT: a broad-shouldered demon lord seen from the front, two great curved horns, wings spread wide beyond the frame edges, molten cracks across the chest armour, eyes burning. Avoid: photorealistic, 3d render, blurry, soft focus, anti-aliased edges, smooth gradients, text, letters, watermark, logo, card frame, border, drop shadow, white background, multiple subjects, cropped, extra limbs, existing franchise character, recognisable game mascot.
racer.png	detailed 16-bit pixel art sprite, single centered subject, chunky readable pixels on a 16x16 logical grid, hard-edged colour clusters with no anti-aliasing, limited palette, hand-placed dithering for every gradient, light source from the upper left, crisp one-pixel rim light along the lower-right contour, one-pixel outline in a darker shade of the subject's own hue and never pure black, fully transparent background, no ground, no frame, no border, no text, three-quarter orthographic view, retro SNES monster-card illustration, crisp and legible at thumbnail size. SUBJECT: a compact racing car in side profile, low streamlined body, large rear wheel and smaller front wheel, small spoiler, motion streak trailing behind. Avoid: photorealistic, 3d render, blurry, soft focus, anti-aliased edges, smooth gradients, text, letters, watermark, logo, card frame, border, drop shadow, white background, multiple subjects, cropped, extra limbs, existing franchise character, recognisable game mascot.
medal_bronze.png	detailed 16-bit pixel art sprite, single centered subject, chunky readable pixels on a 16x16 logical grid, hard-edged colour clusters with no anti-aliasing, limited palette, hand-placed dithering for every gradient, light source from the upper left, crisp one-pixel rim light along the lower-right contour, one-pixel outline in a darker shade of the subject's own hue and never pure black, fully transparent background, no ground, no frame, no border, no text, three-quarter orthographic view, retro SNES monster-card illustration, crisp and legible at thumbnail size. SUBJECT: a simple round bronze medal with a plain rim, short ribbon folded above it, a single small star stamped in the centre. Avoid: photorealistic, 3d render, blurry, soft focus, anti-aliased edges, smooth gradients, text, letters, watermark, logo, card frame, border, drop shadow, white background, multiple subjects, cropped, extra limbs, existing franchise character, recognisable game mascot.
medal_silver.png	detailed 16-bit pixel art sprite, single centered subject, chunky readable pixels on a 16x16 logical grid, hard-edged colour clusters with no anti-aliasing, limited palette, hand-placed dithering for every gradient, light source from the upper left, crisp one-pixel rim light along the lower-right contour, one-pixel outline in a darker shade of the subject's own hue and never pure black, fully transparent background, no ground, no frame, no border, no text, three-quarter orthographic view, retro SNES monster-card illustration, crisp and legible at thumbnail size. SUBJECT: a round silver medal with a notched serrated rim, a two-layer ribbon above it, two stars stamped side by side in the centre. Avoid: photorealistic, 3d render, blurry, soft focus, anti-aliased edges, smooth gradients, text, letters, watermark, logo, card frame, border, drop shadow, white background, multiple subjects, cropped, extra limbs, existing franchise character, recognisable game mascot.
medal_gold.png	detailed 16-bit pixel art sprite, single centered subject, chunky readable pixels on a 16x16 logical grid, hard-edged colour clusters with no anti-aliasing, limited palette, hand-placed dithering for every gradient, light source from the upper left, crisp one-pixel rim light along the lower-right contour, one-pixel outline in a darker shade of the subject's own hue and never pure black, fully transparent background, no ground, no frame, no border, no text, three-quarter orthographic view, retro SNES monster-card illustration, crisp and legible at thumbnail size. SUBJECT: a five-pointed gold star medal, faceted surface catching light on the upper-left points, ribbon threaded through the top point, laurel sprig curling around the lower edge. Avoid: photorealistic, 3d render, blurry, soft focus, anti-aliased edges, smooth gradients, text, letters, watermark, logo, card frame, border, drop shadow, white background, multiple subjects, cropped, extra limbs, existing franchise character, recognisable game mascot.
crown.png	detailed 16-bit pixel art sprite, single centered subject, chunky readable pixels on a 16x16 logical grid, hard-edged colour clusters with no anti-aliasing, limited palette, hand-placed dithering for every gradient, light source from the upper left, crisp one-pixel rim light along the lower-right contour, one-pixel outline in a darker shade of the subject's own hue and never pure black, fully transparent background, no ground, no frame, no border, no text, three-quarter orthographic view, retro SNES monster-card illustration, crisp and legible at thumbnail size. SUBJECT: a small ornate crown with three tapering peaks, a gemstone set at the base of the centre peak, banded rim with a row of tiny studs, faint sparkle above the tallest point. Avoid: photorealistic, 3d render, blurry, soft focus, anti-aliased edges, smooth gradients, text, letters, watermark, logo, card frame, border, drop shadow, white background, multiple subjects, cropped, extra limbs, existing franchise character, recognisable game mascot.
